,BLOCK_NUMBER,ETH_FROM_ADDRESS,AMOUNT,TX_HASH,ENS
43,17366152,0x91b883bbea30d674b617e64271779de2e693a1ec,0.5,0x711f21abfa137bfaa835b4979e2f2c1901c99364c72cdad29d5369fa087de97d,x88888888.eth
33,17366133,0x7f3224d8310a3ccc73ebcd5210006b3d5d2e6d54,0.0899,0x01246635b2d1f770ea561484e1a18e25951086960a88227c7ffbf731540f4647,thavanillagorilla.eth
30,17366130,0xe22059d454c705f70ffe2a5706844a3a27a2bec8,0.5,0xc486efd711654bf733a67697c71526ee20b07b0d311e47b5bfb25e74eff62985,tuork.eth
10,17366104,0xf54657504ec23f9bcf91f8e82bdfa77db8425e27,0.1,0x503bc1acfbe01d8f96ce396db4b418e4668dae4df350df566999593958043cab,nft-blubb.eth
1,17366093,0xada13fc7089745118d55468d8b384f2697c33e14,0.2,0x0d93213854704cb19bcf18dd6e604595213f30b965e225773c929f88040a02e0,drdeps.eth
62,17366183,0x61aa1430138824abd0c1f0878a3da2ba18071e8c,0.1,0xd903a0cf5b3e38114b565f1e910312794f0d30941faeb820a775c5abb3f46fbd,agrawas.eth
60,17366181,0x9a972c2a1b67f788f47646f053c0d232c4bb8aee,0.2,0xe86f9e16bf05d39b5adff59bdc12bd50113bbebdb22fc1f313634bb6f870b9dc,carallo.eth
65,17366189,0x90db1a78080f9088125881b35f028c979a46d39c,0.01,0xffed913a50e433e84b8ab0cedfabb3105df2e46c9b694a8b35e5545f1beb3d88,holyshitbearsarefucked.eth
67,17366198,0x05a40eb6a5997b8ceb7748d37de2c58780b4c925,0.2,0xf8444cbc872564a41bb297c0fad8470caae40462b3326dcca95e25496101410a,dangleeballs.eth
78,17366220,0xa1d6ae0d6d7c539fda043bec4eb8c91201071223,0.01,0x134f9a11e24a7307ac0af4bcc86ca33df4705c442dc3ffa7a7a48c09aa21e55a,austinhambelton.eth
73,17366207,0x1b0b1d94b99900863b3903dfab907594f666cd71,0.05296315618,0xc004a2036ddfa7dc65efe47eef9689c9ecc079275586be15cff78d6020d170ea,cliffordnft.eth
80,17366223,0xd4be42ffe0e8896a6246b97b5df508588735f756,0.25,0xa61a8f929d405fe587aff8c15b86209602ea9b84f3f95c100059aecdb48fee6a,shivamgupta.eth
81,17366223,0x27fd36e07bca70e64bdc1425e6bb5383d5089b62,0.525,0x58a5dc24eaea6f74a7a69183a9f2cdfeb01fd5674b958a86a1ce6bb309510e97,etheraria.eth
84,17366233,0x637193d947878065596f3ee4cc01a46ffba5fe7e,0.1,0x693af08e5a620a8a69e48d4f958e19724121313a9fbd168607bfc9fb44b166a3,geistvonjus.eth
92,17366252,0x55dc2a116bfe1b3eb345203460db08b6bb65d34f,0.8,0x0060e3caaddd0aae3472a3d3e6e9d79298e004c4c91a5dfe657e042ec097fca5,riverrun.eth
91,17366251,0xbb29504f136db5f69dd0e5c0ac5870b16e2d0941,0.15,0xab1bcac61bd8edfe33bf91b25e1da3d490d79c946dad9bb768f0dbe73856eb03,trying2think.eth
101,17366273,0xafc9d73db42ad9f6ca4946893cee92f780a8178c,0.111,0x66e3c4c95df24afc10e096a0c1810c7d67e01e4bc23af72197490cecf87e49a7,dannybot.eth
110,17366357,0x1b0796ac1f5bdb9ea6711604a7fa68cfe20a03f3,0.02,0x2b0da02e3e44eb453bd4c24c3d448c8480231d3f33566c7f9805f6bfa7ce65a2,boter.eth
116,17366402,0xe7e49bbdb50f5b9ec6c4ae72b77043eb60044dbe,0.01,0x93e970b99b2ef77154ff7c41be00271991a2dd93f93481763dd645dc0a5ef02b,davidcash.eth
117,17366419,0x340814747990497fe2a11db4a3aedc2d191dea5f,0.02638536351,0x7f304e557ce0bab5b71e0b9a287b753414f0620a174e940bdffc30cf6e635b0c,psyopnation.eth
111,17366369,0x3255db9adfe3d2c95118d58d94c6ee98d4c98933,0.0792476754,0x5c2d55594ae5ae68417164596ef3fc545d23c791518dcd66af1febc1dbacf31e,chaebol.eth
126,17366519,0x0d0b3b531cdbb38f854613969d83334cd73dc7cb,0.1,0xea108221e32a3d55cb64cba97d7b42fd41b930532924d21aef7a49a433f30ae1,gmbb.eth
118,17366438,0x02045b9f06900771dde2bb32b8402ce90f77b0b9,0.01,0xe2eed91f61d9fb9a057033a3c3028023b8e188d98c1a2971bf7c6125f3c533e1,blz420.eth
128,17366545,0x636cf29cbfab83d467f274d8e5f88600b8099939,0.01057,0xd21302bcfabcd08427a63821517263fce45b9b706853fd8610b0e584a4ae49c5,0xthieves.eth
132,17366628,0x444dc0c8af44539699c055cef5c8ba4c8281f06f,0.01849504447,0x0cf7ef474447d085324754020133393756e7e485c4a9760300361911aa72d441,ghost31.eth
138,17366750,0x80c4b0667d4375e79a17ba02bc0d3ddcaefb2690,0.01583489483,0xca558983be459fd4335df0b97d7cbefeec7d4628a6f00591f308189db0e9388d,üí©üí©üí©üí∞üß†.eth
141,17366862,0x37a0e4902b337dbe35923c909ca47ac85b58edf7,0.02642734067,0x1c418f5c102e5f927b73a9323a612a3289183d7d1845feb39dd12e5cd50ffd31,mojoclouds.eth
143,17366930,0xd20b51075d3b2adc9642fa16bcf5a70a2ffd8df1,0.1,0xf43e6442045d7248ae7c8ad2357501a48c9888ee5610bc7aeb8a3aef1d49a583,k1ockwork.eth
147,17366965,0xd20b51075d3b2adc9642fa16bcf5a70a2ffd8df1,0.15,0x282a23d7b22e76307baa45fff25ef010a83e2e0dd8f6f1d72724cca89b357c55,k1ockwork.eth
151,17367293,0x3adeb7da812e30f1d353d642b26a095d428e6f67,0.265,0x92dd7a64439e3e3a1c27f0b0f6039d421b7ce13925a075f2af9c62a829996cc9,silversmithshld.eth
152,17367336,0x8f63a07b390410e59b92230c7a11c9371f43b8bd,0.012,0xef71dc0a8f6bd82502eef23aa4746734def1bbd67141389f15a05a789f065172,usgs.eth
156,17367427,0xf7cb6acafd864de33df1e5ce17b3c20e7c374bb4,0.05,0xcccae6c5e5a2106ea844a634d7f53ee20c1031ce74817902104888cada37d2a7,holygrailking.eth
178,17368896,0x25d29ec2e2403351ddc1244088e41fcc7e3285cf,0.25,0x6cd6b4da4298e6f5889bc5aa62df452a0539a8475c9fda94453fc1d22488396a,dazedcrypto.eth
187,17369283,0x984160ad1d00569a87a15078a079b6cfb06957ff,0.01576818663,0x7d10edfc8b9ee8044d4e2fafdac633b015fda7215fe9739773706a2ab139ad6e,navywolf.eth
188,17369317,0x063f271b00519e21fad8132a40c225976736a630,0.02,0x0760916651ad30d3a6a3eda8391d5b2ff9ee16d3d34ae01a06baa20993335dec,goforit.eth
193,17369406,0x9537cf40dff4930aa11687d14346987c96e5c05a,0.3,0x99f86a34c1c30b9959ef880e9f67438da84bff3b9426945e959e7d94eca6582a,nftdavie.eth
196,17369449,0xe243d34c8b30c8c0845e5ef1f05fc42fecfcf88a,0.03,0x34ca05503ff12446fe30ee6957f6214081d90b7f8dfd5c45387201ba1ac52d3e,careco.eth
198,17369459,0x369cef786ad07586906ac4e3c6a2cefb72153917,0.01,0x22677f622f2b8f3c04704ed8f5284860ef679f78170424854825306ae7d926ed,giovannichen.eth
207,17369762,0x889e9c68e6dfe89d433a4edaad2e028f36bb933e,0.066,0x773c123640d35b22f143f9df23e8166c45a3399cc89dd2238a9cea25c8508ff1,rami.eth
212,17370051,0xbe4eac0335e87827aa65a84cfb9a51548d79ae6c,0.01,0xe859d7bb503bd88599a63e98a716cbef6a556cec6759c33596b65cf7f15dfeab,tzhu64923.eth
210,17369911,0x8f761eb50c78dbe01a92f9b31a8ee61388a20992,0.105,0x78bb79dcde330e29b98e77b07cb4aa4c83539aa76446ab1c45f4ea9598b4a6b1,ens-bank.eth
217,17370336,0xcaa6077fa3ca5d75a4f3391270d7836b3bbd1026,0.2,0xec49380eab28fd110394ca4dcfbe71317b9288658e632219960a87c0fd652523,üçîflrbrg.eth
223,17371128,0x8dd988e0df6030e28be38cad90e346c422f36a2c,0.03,0xb3c6ac30f8daeb9b5e92cbfce17b12a8e949d5eb2b95dbb7f458ce360d94ff64,digitalassetinvestor.eth
232,17371411,0x7f8c1877ed0da352f78be4fe4cda58bb804a30df,0.015,0x3601e91889b11f60349b68e54c52e45527ba860c5f95f44a5d82e31f1c457670,businessknit.eth
239,17371676,0x468755cce6ed3d9c8e8473fe80ab1f1d3382d96e,0.01,0xa391d8f7edc3312c86bed7960b8eef369e2cfc08ad7acc6b28cea0cad9264304,piyushmaheshwari.eth
244,17371798,0xb644cbb404aaa273ad0a8a8c5fb5a9c0b3302bb4,1.2,0xb195287d1182bc731483d899a7cb7b594f25aa22eef12d942227ca9e48362de6,pom.eth
268,17372429,0x07587c046d4d4bd97c2d64edbfab1c1fe28a10e5,0.42,0xe45b3719b0bc24fa51669f100b5c658d4f6a5a82bd8055c1e6ee236950b1aed3,arrky.eth
269,17372455,0x2756f32547398a30e6097da74947880259f76db9,0.045,0x71de891c8f1436fb34af218ab96ddd6775590e3b04703244c9d46797ea803142,ninold.eth
279,17372579,0xb8e9ba6ef868352579f1acc6945e96667000bf82,0.04627652389,0x27b2a74e7a5d0382ebaf8a238187719c656f192e52986491dae24e722cbde1bb,jimbochewdip.eth
273,17372482,0x98a93c882ea6fce4536a132dfd0465215b52bf95,0.1,0x8139698b110b480bc2dce3e0f932a1dc99ec08586949f0fbc1956789d964133a,defoo.eth
286,17372711,0x7845a5e3581fd8156a95a5a50b3d34384c75161f,0.01,0xc5bb853b80f561db4cf2c3ef21d8e697fe307f6dcabb0c07e0186dcf49c88431,miku555.eth
297,17372858,0xa1d6ae0d6d7c539fda043bec4eb8c91201071223,0.015,0xe9a0189bdf8182e60320b0765bdaa86527a3f22790363d35320f1a28b7378cac,austinhambelton.eth
296,17372855,0xb644cbb404aaa273ad0a8a8c5fb5a9c0b3302bb4,2.8,0xbeddae047250ad0271fc84efb1109906a5a653fd4720716f7565aa2ddb50f196,pom.eth
301,17372872,0x72b813fa4f0f206845f9dec27e5df055c81868d6,0.01,0xd44f7f7af8660c9e845ef6c2f04d985397a21e1c3cc8a2569dc7cdbcbc0849a6,daddypepe.eth
307,17372898,0x073a32fe1a40b0b290ebdfbf93d2f1c9db00ee45,0.027,0xc5c5753be31b907982dca6279672b7e0738b4b9a5720becb1a9e4fa060e5586c,advantagedigital.eth
327,17372989,0x98593ba26a1afae1b183eebbf222e6918284b641,0.04,0x8409f626b7d172c93a767f28cce751d9d66c230513521a530a3bfb5f0fe74ea4,meta-ptyb.eth
334,17373019,0x00c980f967b3e94e471c94d226da998e1eb55a33,0.08,0x1ec0cf2dbd10a297eee6ab3a15da18aaead77ddfc82b05bec70404d5e64a1c38,nealio.eth
335,17373020,0x2f44280a1a43835abb0d5c58bac31fbd6c1b9a17,1.0,0xf80423220f7577ef886d73d8f97978a8cdeea5e6b32c08ea235a52f183e27e1b,twaik.eth
370,17373190,0xb88b1714d57b75ae09b0834b59d3a44f46a2c555,0.2,0x8b172cf4dd8551080663b440e50f60ca89314e384a11b1ba462146dc80f3c570,itsbueno.eth
366,17373167,0x1ec5858f161fa17f148626abcfac12381f97d34b,1.0,0x83f0ade45edc196a379c23c34b079bcff33beac46f43af27a8ba0011e9d9bedf,kryptoape.eth
371,17373198,0x2f14912a7ab49b7d671fd4211b23d7ce4ec85295,0.05590010511,0x624e4034cffdfb2ee3392fb1f685d1fb1f85d9ff135b763402a43e9ff9cf7e6c,ifuckedhismom‚¨á.eth
376,17373299,0xc615ab6dcc2b2f52ab0eaf0422c225407450ffd2,0.1,0x57f2acd24e1c30bf70904b643d36f73dd473b641a93e971c1c9abe0955e45081,joshstrick.eth
380,17373325,0x70627c9376f78f4e69b12094c2eec4d187433340,0.07,0xa2e763ec4056176e54c2f9d39e46573c61f989018c27b6339f454b8b31470c9e,yungmeta.eth
385,17373525,0x0d144929e7358f2419eeca17078c8ccfe9031fb6,0.03,0x9da37e573ae8ef77646ce1e7eb20adb2239f672773dabef6136adff1345877df,420-eth.eth
386,17373531,0x2856f2f40d8a762a30263c48bccae781ff43726b,0.02,0x8f9affffef833ba6ec412d2b9885a0104bfaf781897957f38d47f68a7ff2c3b3,alphaoptics.eth
387,17373565,0x11680e55b13b38fe90b9e83ab53323775482c286,0.35,0xc5f85b907fae78a51a834beb21640a7fa2ef61860bd2173c6d17d28ba9a386fa,i-dev.eth
389,17373631,0xaf88e4e0b0afb6ad1b51047c38861e5087d9be3f,0.025,0x8be8833a8e9ea55663217a9c4aa23dda909d61432850eefb07b4fd56469dea02,dichou.eth
399,17374015,0xebe1f3473e3a5e38a7da342db2b1c94a1a1b0321,0.05,0x5d4ecd3f971a1ffb8bbbbf7ea1780270434ce043ee57f654d6116aef332da3ba,sulemain.eth
408,17374598,0xec6038febf0497b3dc2383a86bfd3d19226f49ae,0.1,0x47b9b44bcd30304ec0dea406ed58d3890c1de14019bc32960314801b3f5cacf5,cryptochrisg.eth
421,17375375,0x3bcec3145b896265775c0aef54d5226387aeee5e,0.01,0x7840281dd718818a1ec331f94eb5b65ca21f1f80424a391f235009c6c12de7d8,jason-cheung.eth
426,17375522,0xbd726e8c64a23214bc7a1cdf5e95338a6794175e,0.01,0xdb66d10a59de24915f8820dded770a660f478007e9d777a40ffc3cfd2bb5a8ca,netflip.eth
432,17375648,0x695c4f50e4e93d43756a9c124523c03ec0adf834,0.09953682805,0x46c1c0109f0d1a9b37188dcf61c7f2cd9b64c1a4a98fd53a4179194a431d3754,patrone.eth
440,17375863,0xc70c5488bd2eca4cd345007e14fa2e1cd45da711,0.01,0x01353a634d422f64938a06b55b7e55f552ef031aac74ab3419ccd501789be745,cptkirk21.eth
447,17376015,0x423a3438cf5b954689a85d45b302a5d1f3c763d4,0.0571074716,0x0663b1823c862480be35b9539494d75b322beb9aeba2d74017929c26ea3c401f,riptidecoin.eth
464,17376701,0x77cae6d443546d79f3ac79fe454a4c00a135a35c,0.11,0x7e855dc3c3a692febefb0b04b41bdce7103afb124ae60f9223864ef67a9dd12d,ninjamarcus.eth
468,17376811,0xfc908e40e23ab895a034a3dab9b2fb301d1b7a00,0.02,0xec7193a4e63be0be17b0a32d114ead91acafc843609c1c50115d5593b83a9ad4,degenaholic.eth
482,17377769,0x20ad8a67bf11fabdd24b479bd828113d5873baba,1.0,0x4effcaad783db14d7cd16556bf62cb0bf1be5715e9050a118ab9bc9a28ae5185,welikethebaby.eth
488,17377980,0x96a596e40e04d86c79b894be096b98501f5f0267,0.01,0xbfcc97ffa7a2a37a498e199928f7f5f7c55025e56b3783724a181063be91dd29,iflipeverything.eth
486,17377954,0x80c272cd8a633b33f9081738e92d9bea1c24dcda,0.025,0x9ac998ffc0060318d646757736ea5dfb5a2f394032d6ec75035d1cfc2b91136d,metaman-lb.eth
499,17378324,0xe566c61a9ac333423233c711133628db0a8c4844,0.02,0x6885b61ecd8669fed3cf24d9d9c8be658f7ac4de99e500c91e1315cd2a6739c1,ramiabih.eth
527,17379094,0x08820cda68d123a1ee63b1cc638b32ebd7b848e5,0.15,0x823ed0c68c0ccb77c9760bc71415e1232b7e0faa1d3f8444d2f0de09540a263f,bollockz.eth
531,17379253,0x5271a5510d2d455ca047928934497cadd5d231ab,0.03,0x4e13cf252cbcb6b31401876d96224f50a69a0df4990eedd0aa20be3660368dfa,drakos.eth
532,17379267,0x91671d0c02c7465b0948e819d2c2d261405301cf,0.08011065952,0xcedb7d22e26f275a00c7f217edbc7609c89586c0272dec4d7a464e602a18537b,badrobotü§ñ.eth
543,17379715,0x298b5f6503b5d5fca3aee04d7005a37162f3acfb,1.0,0x215d4f8311897df13982779c7ba3504d17ca054d04022587c708965e3fe13892,knowledgeiskey.eth
544,17379750,0x68667f9b371742fc25735727a220d044f685326a,0.27,0x9a0427d27e545864f424d67d7ba2c95190ff1fc8a84dad2f0cc98d5376e96052,no0b3.eth
545,17379752,0xbbfda7bd4ca9e81714dc84f828dad893ca7978f0,0.018,0x3b71c0679280cb84eadcb67a6a0b791ec80a7f5281ed8c3279aa9ae4bfadd9df,omennutjr.eth
550,17379836,0xa458adc94adc7953f176cf52005d1654fc3b9876,0.075,0x5d0593d4d1ac65672178b392690c5dad4e70daf2f9edddb1cfe4d4e237ce78bb,psychedelic-catphish.eth
549,17379834,0x8df7a63cf23ba665af65b4bd1ef86dba31634ed7,0.02469386,0x93d0e6b2eda7e51cf896ae5b016068b75ca42da64779fe3be4c61a36ac295615,bitleague.eth
556,17379947,0x0a8c22c54e9fea4522a9afa5b1525a76ef412068,0.01,0xfaf337a3bfc744c2c330c3dd6e974735340d538497ae8871767308290e24878d,omjsirjoe.eth
571,17380216,0xa1d6ae0d6d7c539fda043bec4eb8c91201071223,0.025,0x3d0c1ac8f27e28c78807830203568333554edf71376596478ac3f3582d20f9bc,austinhambelton.eth
579,17380324,0x889e9c68e6dfe89d433a4edaad2e028f36bb933e,0.12,0x1a26b469ffb3a22ec7adc36b84149b39d310746245809ace3e0ee6e1bae00ae3,rami.eth
589,17380648,0xbd9edd9d817e7af00b6f037b7ea1907ea2c0d95e,0.5,0x3a94d37601b99d8ae51b037a2511f59257fad00441d2362aad3780af7c0285fc,jaredsintern.eth
598,17380994,0x58002a23380926e743f6e555b080b33c022e4542,0.5346567787,0x7fd433dcb0ede26141e475c65c988a77140115ca949e9f42cf2a02a56efbeffe,rgstyle.eth
605,17381345,0xa78e6454985f754f513c84743b9ec328cd713aa7,0.5,0xebda04010a244b13061a8e1ed5128a659c92c70570a02ad0e4662467e9d81395,artemis-1.eth
611,17381824,0x75da6c86e25fd369b819b0002c02c6bfd085f92a,0.1,0x8b5f9887b2f5a7e5dd5f513e529687856d5637d7439a8d787f7df9ee3c552e7e,rickie12.eth
615,17381928,0x363995ec877ac46d4c52ff286447814a33965f3b,0.055,0xd090b38a6e159971a88688d961ea7757a1b55107e41a9f2e740d356e387ee332,threedee.eth
621,17382055,0x8dd988e0df6030e28be38cad90e346c422f36a2c,0.02,0x08e16bc057a3c90f2d26ef4d257a0c4c01457fddbaad6fa5bf094bddc8c29ffe,digitalassetinvestor.eth
628,17382157,0x7bc6230b10824e28c57ae71fc98d80a4988f11a6,0.3,0x7e7b3df765f3d65b86dcc137b454cb70236171cb721f1bcaaba8bb68254e7223,shamtan.eth
633,17382229,0x46a48b6652f01fa76acb00e2cfb15704ebb89503,0.23,0x736bb6e75bc34d7ac9aa58d565e7242bf6b05dc053390ad765fb379373d5c51b,€∏€∞€∞.eth
632,17382224,0x05c2317a6d483d9108be0df1240b953e0b0ee9ea,0.1,0x3eb1895317ed001425812bec6c99ddfa7b6be6f296f243693a951914d155100f,peacefulalignment.eth
642,17382483,0xb433c3decca863b3d2a213a3080eb8c97d1b8917,0.01,0x85c87a71d3342eafbdb7d3e16556226642d15ebc8db978436e14e923348f562f,skateboardheem.eth
653,17382622,0xd990518ffd8f4cf7d2e9e5919105159269e36dc1,0.025,0xc8e043a6177f31bb90b5ad8efe774976708ef19b997b8f561cd1a960a8c8eb1d,nieri.eth
661,17382790,0xa535ad8c4271b7deac55937d972c8d4d1064af1a,0.2,0xd35be194a586eb444753855ebe137853cb95c1e30c95200a017a376ab2a44380,bensuck.eth
668,17382955,0xcc02036cc0ac79718002986da99e0b3d55e92e84,0.06,0xadbc247556bad45e524ded33916b12f072df0c1a7b8aa050d7fd82125290f45c,roserichcrypto.eth
667,17382906,0x1eb110305820b8c1a64a0c2b348f6f6f72983789,0.03,0x69a369f8e99c57bc17e0530834f4d5629668b912ceff862baf98683d48609e66,mikiep.eth
670,17382987,0xf181106047411c22defa5cb22033520a0f16614b,0.03,0xcd350381337afff2003ee4adadec3b9a3b8853dd73e03cf6e78a86534630db96,muffdiving.eth
671,17383009,0x07587c046d4d4bd97c2d64edbfab1c1fe28a10e5,0.1,0xf0736748c3c14bbb9711e233b6a3cb0f3bdd92f73f72cbacdb77be29f2335d6c,arrky.eth
672,17383023,0xa61db0ca736742c9782e8310bc7b9e7e10b3cf9f,0.1,0x8d005d5cfb1e3b6aebfc94fd98c9f2b5635addb3d23e26444ba58c9bf29ff679,bubbybat.eth
677,17383174,0xa1d6ae0d6d7c539fda043bec4eb8c91201071223,0.025,0x3c97def221157bfe6f3ab7dccd98632d20aed0c22c68be43495d7d0229f1509f,austinhambelton.eth
686,17383391,0xfbb8dd2429657fad786173007a655d3c45112746,0.025,0x75b956961a5537cc87a3060613b8ea234340574c6316f6ee5874e3a4bf622579,drjoints.eth
688,17383451,0x4bbbee560eb73627651b73d5344e80fb78498d0b,0.02,0xbc6ed1e71eed75099e9f4c105b2dc73a6588bad89248f433f9b81646119dc481,mudrevskiy.eth
709,17383731,0x57837baf2690a0fd31470bff9f17371ca7c2926b,0.01,0xffa7fb95bd0ae625372fdf02b1ee99fada0dd7bf6c7a612a465c72ef2d5bdc58,mitchüá∫üá∏.eth
712,17383780,0xc53b6dc78caa8199ed009f69ded2af2d957f1944,0.0809,0x72d9c1f11040614961f68266582a9f6dd1d973ef81d1d32d5fa542e5dff06be6,nftc0llect0r.eth
708,17383729,0x5968b36267f86a259af2ed96ca75a89acb408f42,0.05,0xa4e7e7f7ee689c40922ef70f0c54637b45bf534dda00ac501950494aa7694a53,lamsito.eth
717,17385629,0x58002a23380926e743f6e555b080b33c022e4542,0.5372560186,0x3dfd37deceb007fde8d1048b6f110811d1b7b3efb0bc909e529c2ce734b651fe,rgstyle.eth
721,17386476,0xfdcad20e6c388e2ff2197ed53c7fc7648f653527,0.1,0xf66aa97096df2578bb4909524099652034762cd975861cf21d5db969dcb20840,tcc888.eth
739,17386667,0xa535ad8c4271b7deac55937d972c8d4d1064af1a,0.2,0x6401c61cb0b0dbccb47bdddbcd5664bb9ed7e405e06d032c13711f4c6da6c010,bensuck.eth
781,17387422,0x58002a23380926e743f6e555b080b33c022e4542,0.5323736411,0x4afbf15a4f05c5338c688cb981bd650544b609b888e6ebfe301916297b7ee010,rgstyle.eth
789,17387529,0xb1cf9d4c3743be59fc87db20378035a73eac73e4,0.05,0x9f227d8acb798921f8144256e1fe0a8ad8a4909b1405211a6730f27ca7fcc5b9,rychardase.eth
806,17387836,0x5748268e6ba257ff59a0994c02da55df12fcc2f7,0.03,0x61bed100f95506c4eb9a3c993462677bfc9acf3d78b0a68418fa99707636d7fa,spopy.eth
811,17388028,0x566343569a5c44172ae73ac222206dc5c76d0ef0,0.1101827395,0x3eafb09cdb4fd2a841806aa82b1abb7c4432d082c1d540acd7a72239c8b36e1d,barneyfloyd.eth
810,17387990,0x4d72074319417658fa93086bbf2b99007bdab1ef,0.12,0xe35dea9c04a16530b9169c7bc64f9253c5de48014e4bf9765147206905fcd9eb,zony.eth
818,17388184,0x05c2317a6d483d9108be0df1240b953e0b0ee9ea,0.1,0xb0650212345185b7a775ea4795ae6cd78ab7741533301f6a518408b171375508,peacefulalignment.eth
832,17388581,0x58002a23380926e743f6e555b080b33c022e4542,0.6144311169,0xc7d8aec62ddf5ecbac9d1a76519afe26ab7986d8f177f2a75c7a8dbc8d0e6e18,rgstyle.eth
834,17388781,0xea90a6c3e7b1150844d4c2b2345434fa8fa73d78,0.3,0x095f22e7be71a1218f4cbe4855806b70ed2fce59801e9e405b48451fa4b41d77,x5th.eth
845,17389135,0x0756bc28687cabf05e021ed16536050487cb3cf3,0.0969,0x4967664817d2205bae6699ee1b507671408a320f35e1ba69fad673a6346ca047,nickpappa.eth
850,17389313,0xf94e6534edf1b96360cbdee814a37487c0c846e3,0.2685111593,0x9be35e53c3381ba2d2b89fe9e5cb8a364eaebfb24145b0c867511dd2c67644f3,lubanga.eth
859,17389795,0x3bcec3145b896265775c0aef54d5226387aeee5e,0.3,0x2fd9f568569ac38680d01aa9ea8f8ceb3e50567715a0f0b890b1a84023faf9c9,jason-cheung.eth
884,17390302,0xf181106047411c22defa5cb22033520a0f16614b,0.1,0xaf68083af5791423bacb91e703983875dd2832ef9675e7ae840df2777709ba50,muffdiving.eth
890,17390349,0xc70c5488bd2eca4cd345007e14fa2e1cd45da711,0.04,0x4d88da17a9bcf05e86549ef3148570d9ca5e14f4bfef962c8980a69993652ba9,cptkirk21.eth
894,17390391,0xc4416a182489671fb96de08a4d1bcc588214e78e,5.0,0xc869fdaa7e84b96b80f2dd1a0f26832da7dd0ea227ed60654bedaac9be521fa4,chromi.eth
901,17390452,0xd62559e4894f9148551770ad43169e2a42ab6707,0.268,0xe3af199c423284a0abf7c7de35ca1a35baf88134ee4c089506768aa575b77e2b,haxi.eth
906,17390475,0x33a107df65b0e7652e019f0e3a5cae235e56e972,0.07,0xafbc0ef48c31af29fc7f1332959fa7a2165cb5af37fd7c0f09047a5ff9c9ac36,k888d.eth
909,17390483,0xd93efa981dd6972e511f96497ae58f5d4cb1008c,0.27,0x9e3b0971209d6bae2398907b9890c2ccb4446f7726ba6eb1f7357abcbd48f7ad,musey.eth
921,17391674,0xef93807fec507a3ea5668dfde0607711aee58040,0.02,0xfd88d6bc275bf58e901dd280a407fe06385f7ffd9162ce3bfa42970e1dd9deb3,tironi.eth
925,17392017,0x07587c046d4d4bd97c2d64edbfab1c1fe28a10e5,0.5,0xa62708fb4850374552858e72a0cf0673262db4de22db81333cc40568209db6d4,arrky.eth
938,17394120,0x949bf04ae71415ce59f8d76a79c179d1d6deb807,0.2,0xa929a33e37aecfbddbedb9ff2c9586fe4f93756ef23732a57ba95c9316b9e94e,ethfarms.eth
933,17393500,0x61aa1430138824abd0c1f0878a3da2ba18071e8c,0.5,0x21b70c637950aff5a0c862eca7166dab7d4e8c7b97aac18e9948764ee9110712,agrawas.eth
962,17394673,0xf181106047411c22defa5cb22033520a0f16614b,0.1,0x0a49de77d10fa0eeab4b38fbcf2ae9fbec2ee44adba94eb844c139235c77becc,muffdiving.eth
967,17394941,0x61aa1430138824abd0c1f0878a3da2ba18071e8c,0.9,0xa3a5a2b534017206e0e58192829ef0949edd82674271fef1b4963ddced81cfaf,agrawas.eth
972,17395386,0xfcb85d4139123b1ec6746d1c487a2201045b9f72,0.2669,0x5953af9ed9e217da1bede1a0fabe0a3f3dd1f532bf9183959939ede627145921,specialagentk.eth
993,17396516,0xbd6ebc277890dbf41283427f64b568906d5a96ec,0.3,0x4b9e763da59fcb065045acdfc4e1373ccefe7601c941ee4bc92f0b9f0ed9a562,eggybug.eth
997,17396658,0x2a964f083c0927babdd3cd3212d3aad152d33802,0.25,0x9e0e9a26dca58e7581f399af4d1fb65c1bc947fb7742c007eecf35599b26a897,0xbezoge.eth
1012,17396850,0xc82766959e19ee9ac530d52f3817cffdb8d780f6,1.0,0xc37340d78807e3c47044b6925e9708a6c5e3f7fd7be9ef01f53136fa107f89f8,yar.eth
1021,17397007,0x25d29ec2e2403351ddc1244088e41fcc7e3285cf,0.25,0x44dc069d4bd580b48951107fef360eeebceec4e8003d471da27c06dad79ba9e1,dazedcrypto.eth
1023,17397030,0x25d29ec2e2403351ddc1244088e41fcc7e3285cf,0.25,0xbcf6b83e3d41055654a5e903a858aebc29a07ded465a99abb3f07cba014f97e7,dazedcrypto.eth
1033,17397148,0x444113187164527ec0fc6c541f6a248acdce9dd8,0.015,0x8a196d55e293678dc5c087c915d9a315e3b03b8064cfd4e878502b8e92bbbc0e,zod.eth
1036,17397186,0x8b4c4837e4095827764211ac614a0b14d3faf36a,0.04,0x03108088415e0d1e778212576e3effa215761f2033ff89ccd2a943e57e471ebe,guozhihao.eth
1040,17397249,0x31a817802ee183eb8b13167ffe24bd28dcc6f30c,0.003258858159,0xfaefa3cc896cd53733fb3b17b9d9cdac6d6f0610d9c2e75461a153a06da515c7,flokified.eth
1073,17397322,0xa5630017920afd3589b62254acdacce7e64977f0,0.045,0xe1cb7813d6b918ba9b03d8dd3293e0e0c804260dff890de94fb284b2c4c418ad,pallor.eth
1087,17397448,0x0afb6658cb97ac27c4ac165a69d6d872beec243e,0.1839960257,0xbb349ec570da716109b184b0a91dfb70663687a0fbcd139059ec378a12732a6b,griffawn.eth
1101,17397516,0xa5630017920afd3589b62254acdacce7e64977f0,0.05,0x4260d8913bb1fef7547ba07d40090d5e563222ba0c50a7d33606d5347c7ad21a,pallor.eth
1112,17397564,0x8b05164d782b83f533dbd1ceb77e1812c2eb4956,0.01,0x57ce83cd4354822325b7e5c19c029ac852fed0f5a6b6c44e9e6f7f3efc42fb00,xiaohao.eth
